{"group_name": "<INSERT_COOL_GROUPNAME_HERE>", "for_science": true, "tools": {"test": {"technologies": ["python"], "executable": ["./guess.py"], "results": [{"method": "jpamb.cases.Simple.assertPositive:(I)V", "iteration": 0, "wagers": {"assertion error": 1.5000000000000007}, "time": 46265208, "relative": 3.529769791226862, "score": 0.6000000000000001, "calibration": 13107146.0, "calibrations": [{"count": 100000, "time": 13280167}, {"count": 100000, "time": 12934125}]}], "score": 0.6000000000000001, "time": 46265208.0, "relative": 3.5297697912268617}}, "machine": {"os": "macosx", "processor": "Apple M3", "memory": "16 GB 3733 MHz LPDDR4X"}, "timestamp": 1725883859676}
